,User
0,tkersey
1,njonsson
2,bangpound
3,digitalextremist
4,koconder
5,mlsj1
6,syug
7,neopunisher
8,jazzwang
9,fly51fly
10,fallenpegasus
11,fribeiro1
12,chchrist
13,massimoselvi
14,ScottJWalter
15,mindcrime
16,MarceloNascimento
17,dmsbilas
18,thimslugga
19,leecardona
20,semsphy
21,srp19
22,DaemonCahill
23,Cambera
24,riyadparvez
25,mitaka
26,ZhangYunfang
27,temosy
28,manuelhunziker
29,pedro-lima
30,alexharvey
31,josh-fisher
32,subidit
33,pdevenraj
34,nerandell
35,raghuboosetty
36,tdmalone
37,34code
38,burib
39,whn09
40,bobbyearl
41,ahlfors
42,bsrz
43,mailmahee
44,daefresh
45,dofstar
46,codee
47,EdZava
48,pmanolak
49,kistasi
50,firebitsbr
51,glaucodiogo
52,manjunathd
53,afonsoalban
54,rsaa
55,hvn0413
56,duxing2007
57,ste93cry
58,terran1942
59,itanoss
60,thesobercoder
61,rickymaciel
62,KevinGimbel
63,zsp0817
64,konamo
65,voldyman
66,golf-x
67,alexjennings
68,somaditya
69,apjowen
70,dengqixing
71,Davi-He
72,godsoul
73,kumar-nitish
74,PandaBlessing
75,andyuls
76,juanjoruiz2109
77,mangualero
78,proverbs53
79,universewrld
80,HJiefeng
81,kkpan11
82,plumcube
83,magigo
84,ahmadfaizalbh
85,flukebox
86,jakebrinkmann
87,AAbasinejad
88,virtuoushub
89,huamichaelchen
90,mumblepins
91,b3nkos
92,bretdarby
93,srinitude
94,the-watchmaker
95,codinggooner
96,kimpenguin
97,weisberg
98,ace-coder
99,infinitedreams9586
100,tusharsoni08
101,hoansgithub
102,schallerala
103,alexxyjiang
104,garciparedes
105,keshabb
106,s0nlxaftrsh0ck
107,mklemann-com
108,roykalony
109,thomasdalbert
110,edisona
111,Steven-Acomb
112,kevcooper
113,jodavaho
114,side9show
115,teeksingh
116,kevingrondin
117,unlitdev
118,well1791
119,mleziva
120,ykaidashov
121,anand-b
122,xGreat
123,MatterhornProject
124,tolgabuyuktanir
125,cash2059
126,vedamj01
127,rodazuero
128,JustCallMe-AK
129,Wyvernslay3r
130,gabrlyg
131,paulosiciliano
132,martinvaldivia
133,rdczhby
134,mys328
135,andrey-berenda
136,sinhang
137,Lakshmiaddepalli
138,mohamed-abdelsattar92
139,rawer886
140,thanhcsf
141,junaid109
142,bafeiyu
143,Ylmzef
144,anlexN
145,Janujan
146,fwblcz
147,djinl520
148,protyay
149,selfishprimate
150,Mwalthery
151,GregAllenSmith
152,zgover
153,avestura
154,aspindle
155,pqrsooo
156,evanshrestha
157,bos-hieu
158,sonimonish00
159,ljesparis
160,imvikramn
161,massivelivefun
162,garrettrh
163,ghishadow
164,shower1986
165,mseld
166,JasonYe88
167,seshurajup
168,xiaopizi19
169,pelamlio
170,Asavarkhul
171,ajay340
172,custadian
173,KlwntSingh
174,FelixFeliciant
175,learnerzhang
176,gamedebug
177,jonathanarodr
178,osama-ahmed
179,nir-zilberman
180,bigDP
181,WajahatSiddiqui
182,markjohnlucas
183,Vaibhav
184,manavchoudhary
185,nikolaospapachristou
186,vslala
187,Ngel-Castro
188,dawei-wang
189,George-Petrovski
190,JeffUssing
191,yxblee
192,barisates
193,ankkrish
194,pratickRoy
195,pereirakadu
196,justinsamuel92
197,dotsnangles
198,609151318
199,RyanAugust
200,noid11
201,ioing
202,AruulmozhivarmanS
203,Tusharjagi
204,ivaylo-yordanov
205,emullaraj
206,mcguegi
207,nbhirud
208,fischerleon
209,UmutSERIFLER
210,zhu0823
211,Joe192168
212,LindaHaviv
213,ball582
214,dmitrykrisko
215,we1l1n
216,dongzhuoyao
217,xuelangqingkong
218,godobyte
219,chanffdavid
220,anomaly-88
221,undabah
222,aymenbelarbi
223,ashish936
224,giotramu
225,guilhermebc
226,SMBgurus
227,mate-h
228,artur-sak13
229,yorshreynoso
230,yehuizhang
231,AAdewunmi
232,charaton
233,vonzou
234,jaymahfudy
235,maxsxu
236,keita-hino
237,KyuDounSim
238,Anirudh257
239,joaoantoniomartinsfilho
240,AnsonHwang86
241,anirudhbagri
242,STCYC
243,rsmelo92
244,StrangerCoug
245,keren123
246,noodanee
247,alobe
248,JadeCong
249,graceko22
250,Timotej979
251,erenaslandev
252,serhiiklenachov
253,camerondurham
254,khanhhuy288
255,gstair
256,ifbowen
257,hotsticker
258,ningfc
259,RishabhKr97
260,jiangoz
261,ardasatata
262,Murplugg
263,tanvirstreame
264,kworkbee
265,arnab-ray
266,StarDustTwinkle
267,bahadirsahin
268,SMSesay
269,jamestiotio
270,anuj97
271,yaelBrown
272,motmaytinh
273,NoxGamingQC
274,aravinthakannan
275,lingjiekong
276,janviyao
277,hijiki51
278,mksarge
279,pradeepkni382
280,rdnasim
281,shrinidhibarthur
282,StrangeKnowledgeIncresed
283,Austin47
284,shokriw
285,franklin-monreal
286,xxh031203
287,lossfunc
288,feapaydin
289,loumalouomega
290,garyhtou
291,d3v2null
292,msweetland
293,jrjm1111
294,mitutitu16
295,akashsathyan
296,chrisskhoury
297,jeremychauvet
298,riturajDas
299,Logicus03
300,chinchillajared
301,isabelchaves
302,shikharsaxena98
303,flukelaster
304,rjuer
305,mussieh
306,lintsai
307,nj1787
308,Joebig7
309,hanwgyu
310,wudangqibujie
311,DihanDai
312,drewfrost
313,contimatteo
314,amaankulshreshtha
315,hackenbacker
316,petronem
317,my1795
318,Pzoom522
319,hahacyd
320,wangtiechuan
321,lynmison
322,anaghkanungo7
323,RickyC0626
324,WladFrazao
325,Ming0217
326,caesar-one
327,Ishanna
328,nvspavankalyanch
329,JoeRMiller
330,devStarscream
331,nkn6294live
332,ShwetaShivangi
333,amwi04
334,pd14196
335,tychodev321
336,Baleryom
337,caitinc
338,almokhtarbr
339,andreacip
340,alexanderafanasov
341,thapaashis110
342,soccernut
343,mdobro1
344,royswale
345,saneknight
346,AnhTrieu
347,janmarkuslanger
348,morinyan
349,gujiacun
350,adileone
351,BIGChask
352,mapjx
353,fuhaoma
354,DXLZ
355,nuffQuantumSayd
356,kekemao00
357,lamsd
358,anuq
359,igorasantos
360,metaphor0
361,iashutoshtiwari
362,yaravi
363,skippermin
364,masakiasami
365,huannvttd98
366,thatbeautifuldream
367,happyqq
368,iameduardod
369,wuchunfu
370,venkate5hgunda
371,whuhxb
372,ronnielutalo
373,Samutichev
374,jongan69
375,tkruer
376,kayericson
377,LuGO0
378,lodhik9
379,cultivate5253
380,akazyti
381,boomer2752
382,Luccasoli
383,abheesht17
384,HebaElGalad
385,himanshututeja1998
386,sevenhqj
387,CWHer
388,Pei1133
389,SamuelMaculuve
390,pasenchenko
391,jinjidong
392,eemailme
393,Nikronic
394,Razdeep
395,FenTheDev
396,skywalkersPadawan
397,patrick22414
398,Jiahuan-Pei
399,preciouschydo
400,johngunerli
401,akashmdkml
402,Menotron
403,smustafa75
404,nanaboat1
405,Karim-53
406,EthanC-8
407,nitinnbisht
408,ericpark123
409,5l1v3r1
410,Yulv-git
411,hexolan
412,moqsien
413,MilleniumSpark
414,sagsango
415,Programador89
416,robertgro
417,JasonMoon95
418,jackpan123
419,bshreddy
420,TsukasaSeto
421,PallaviVarandani
422,alvinlal
423,awabasher
424,Katsukiniwa
425,PMcTwist
426,hqng
427,rkv0id
428,shiminfxcvii
429,sigsant
430,celikgokhun
431,shiva0612
432,kyamashiro
433,Turbocaspal
434,davnunes
435,afondiel
436,johnnyrtrentin
437,stnorbi
438,stacyrymer86
439,zero-null
440,jh9875
441,GITWHB
442,ricardosuman
443,mencarellic
444,rabbithophop
445,ftf1218
446,hirawatt
447,adilet-saken
448,marcomamprin
449,Thejuskbenny
450,nanaxumu
451,GabrielFerrante
452,tinahuang222
453,Bhavuk-Garg
454,Mzon2857
455,mjsheikh
456,anishamalde
457,TeddyCom1
458,prabhumns
459,HyunjunA
460,harishravi121
461,iamharvey
462,rahul-zomato
463,avanishvyas
464,inframarauder
465,YjqZhouxiao
466,ericlinsd
467,adhamsalama
468,LuoTailong
469,sovansambath-phann
470,rkej
471,jinshuye
472,ibn-khafagah
473,kartikeytewari
474,MD-ARFIN
475,johan-lab
476,ambanerjee
477,bzamith
478,deviknitkkr
479,Abirul
480,nesakobi
481,RobertConde
482,hartl3y94
483,saarthdeshpande
484,leechenze
485,Dexterzprotege
486,sandrawilczynski
487,Debarshi95
488,gauharayub
489,GowthamSk1
490,PolyVoid
491,middas-0706
492,WendyYanto
493,batuhan-basoglu
494,OpenDev-AI
495,claudsonbarros
496,yotamnahum
497,huiminlim
498,sumukhteja
499,valtab
500,JankinTian
501,theroyakash
502,sadoreko
503,billsenxu
504,MarcoSantonastasi
505,kevin909cty
506,amadsalmon
507,infinitepower18
508,ashr4f1arr2ad
509,rgdyy
510,shayanekat
511,KlinKlinKlin
512,ishu-thakur
513,brijeshbhalodiya
514,zaaakher
515,XRLZX8
516,soumyadbanik
517,zhnzhang
518,yhf98
519,xjhofernandes
520,gauravagrwal
521,juanca-jimi
522,mapy1874
523,JohnDNC
524,zeelsheladiya
525,ImKunYoung
526,EduardHov
527,risejl
528,Soumil-Bhattacharya
529,mahmoudmohamed22
530,johnmccants002
531,samedsemihs
532,aymandarwish
533,HongLouyemeng
534,maniac1122
535,Sambit650
536,kohring
537,okonri
538,leopoldoH
539,cnhuz
540,liltommy1dev
541,Wwillers
542,owini
543,amirmojarad
544,devkcud
545,RichardZj
546,codemikko
547,MarcoSteinke
548,acox216
549,smy1999
550,anujchoudhary-17
551,mazrean
552,XrosLiang
553,994Simone
554,Mystic-77
555,bruno-aires
556,Jirigesi
557,imokhtar
558,ArthurAnastopulos
559,guilefoylegaurav
560,plutoniumm
561,denmj
562,frankxzAmazon
563,ericwidjaja
564,mirfanaslam
565,nayeonshin
566,xiaozhiob
567,u-yas
568,smelouah
569,icqmula
570,dmascheck
571,Abhirajnow
572,sanjuchandra
573,cccaimingjian
574,anurag01a
575,masrafi115
576,sm-heard
577,agastaldellomaccomit
578,steffiypx
579,AdnanAaddi
580,MaxDeveloper16
581,leonardofoohawyang
582,tenpa007
583,gtrman97
584,MuffinAmor
585,rushilenekar20
586,soma2000-lang
587,jin-sungdae
588,Git-Codder
589,goillotc
590,2019-GitHub-Chu
591,chinkin707
592,frankporco
593,adithya1010
594,anubhvshrma18
595,Aditya-Khemka
596,FrankQixiangGao
597,alikemalozgumus
598,Codesmaster-lab
599,gwd666
600,Supriyo8799
601,Maher-RJ
602,Dajun-2019
603,Symon629
604,prad-j
605,huiyouyou
606,huai-jie
607,chrichri17
608,GessioMori
609,TylerMamrot
610,danmslamt
611,Pecorari
612,1MuhammadFarhanAslam
613,najmehn00
614,TatsuyaNakagoshi
615,NonymousMorlock
616,EfeAcar6431
617,akinfelami
618,avstreamdevpro
619,mijung-in-11st
620,simonjgr
621,avadhutjc
622,MLHaddon
623,Capital-SetMawHtay
624,jcork4real
625,aditya-repos
626,spencerlepine
627,calbergs
628,yusuke-z
629,jimmysmits
630,Drag0nf1y
631,JohnDoll2023
632,ssantoshp
633,vinodpatildev
634,mmhamdy
635,VitorAkira-me
636,solfonte
637,HeroIPmonkey
638,Matt-Bulk
639,xiao-cy
640,galichy79
641,thefaheemkhan
642,avishekchy45
643,Derokkk
644,Shahna-C
645,DankBoi293
646,grahamwaters
647,jaymepsantos
648,mohamedhabibwork
649,rajveer43
650,Thilak-KN
651,katopiler
652,AesisGit
653,OBud75
654,yosefkiros
655,ralintuscano
656,bcovies
657,FurkanEdizkan
658,SegaGLm
659,celso-na-teixeira
660,nilesh05apr
661,EM51641
662,seanpm2001
663,dylanhood
664,JohnPPinto
665,oss-mad
666,AHANCIT
667,sebaminaya0
668,d-t-n
669,rbuchmann77
670,SeifEldinMohamed
671,SteCC
672,JoseRicardoPE
673,PhumyJS
674,yuyingjun0922
675,SHakhzodTojiyev
676,ShabbirHasan1
677,klkuogamer
678,Gopalakrishnang99
679,yagikota
680,DougRog
681,rdbender
682,uivid64
683,deevanshu-k
684,linquint
685,jeanhackpy
686,PhaedrusFlow
687,nguyen-duy-tan
688,Tpeach9474
689,KennyOliver
690,ronnieangeles
691,mahmud0v
692,carnate-tech
693,Ghost1386
694,istellaliu
695,QuantumBoy1010
696,polygonnedpotato
697,MadushanNimantha
698,Choikyudong
699,Harshi-itaSinha
700,anthowest
701,emiltervo
702,Infisrael
703,MateSousa
704,marcelozepeunam
705,canyoldas0
706,erfuun
707,madcitymultimedia
708,arunavabasu-03
709,JonathanCristovao
710,ugke
711,uk-2
712,aadarsh-af
713,karthikmurakonda
714,littlelionly
715,vidda5
716,AndreiMariciuc
717,michelececcacci
718,nabeelnoor
719,sherlcok314159
720,mist1024
721,elerner42
722,vedantraval2310
723,juliana-silva-hub
724,sudongyuer
725,LlandspitRunzingf
726,Westsi
727,AnmolVerma404
728,JoseLopezSolis
729,Ashish0898
730,farinaceos
731,zamoosh
732,anadeem2
733,natdosan
734,jerryeatworld
735,cx63cc
736,David7ce
737,chococandy63
738,TruongNhanNguyen
739,TheFrontlineGen
740,weiliw-amz
741,lllllllllliiiilllliiliiiilllli
742,Aronib
743,VenuGarlapati26
744,FukazawaKazushi
745,TheTrueKen
746,StephenOravec
747,sbdeveloper90
748,loupprodi
749,shirushi-dev
750,Samruddhi362
751,clearljn
752,Mairobinsky
753,pritamkpratihari
754,HenryDV
755,mattigor
756,federicoreppucci-deliveroo
757,buiquangthanhcode
758,MJ-Tech-H
759,KendallDoesCoding
760,Shrey-Srivastava21
761,harshglory129
762,niravpi
763,Itisjigar
764,piyush31009
765,adnene-guessoum
766,Yajie-Zhang
767,huseyingirgin-eva
768,script-lab
769,ccampa896
770,Ahmedhamza1232001
771,ishika1501
772,mdzaberalhamid
773,MuziZwane
774,batz-gg
775,jmoore78
776,Sai-teja-rachamalla
777,ekaterina4952
778,KalvenDebig
779,kumartul
780,loraxoy
781,YoliswaD
782,wanjanhasan
783,ndnan
784,NickMezacapa
785,fedebayer
786,danielaiyuan
787,NavratanPatel
788,Mohammadflht
789,Tahsin411934
790,Samruddhiiii
791,fvarghese99
792,nishantb06
793,Louuuaiii
794,FelipeFama
795,sanju50201
796,Arshu200
797,josephmartinmoran
798,AndreCoutinhom
799,natamartins
800,sssamm1
801,techprogo
802,mgaspirc
803,SarfarajRahmn
804,Aniketchaudhary16
805,JeromeXapix
806,ClaudiaA18
807,ferhatkatar
808,Manbendra2014
809,Saleheddin
810,Shahid6289
811,henry-vipnet360
812,Kishank111
813,thrashghost
814,prejin2310
815,Sudhanva-Nadiger
816,ethangutknecht
817,mb4m1
818,Lucas1114
819,puppsupr
820,naji0329
821,SuperSmile0109
822,Giasinit
823,apella1
824,0laday0
825,pannacottaaaa
826,mars-aria
827,ygill
828,isaacbrendel
829,Avidlearner001
830,zagui-master
831,Ganesh972
832,marupon3910
833,Fuko-Ibuki
834,JeffreyChim
835,supbrice
836,black-mold
837,BrunoGr0883
838,tomgangwang
839,emmyoh
840,leonardonakagawa
841,chkp-bryans
842,hgnzheng
843,agurinv
844,sghost13
845,SpikyWU7
846,shashank-mishra14
847,Naveen2334
848,Angie-Zhang
849,Vladdstian
850,satayuji
851,HJPandey
852,ryanherd
853,gremsyQuanLe
854,Kenaaaaaa
855,koray-aydin
856,lchen104
857,louisphihaihoang
858,YasinAshorian
859,RahulDubey391
860,SnKToR
861,Rupesh510
862,akshit2257
863,pppppyamaP
864,Rajesh562020
865,Trik01
866,hemsridh
867,lowep
868,yolo102938
869,Zliced13
870,dhineshprabakaran
871,qdclub
872,asimpson0000
873,dmytrochumakov
874,thatme12
875,The-code-is-secret
876,jeremyw-dobeu
877,christine-sandbox
878,maxrathmann
879,AaronSMathew
880,FIDEL7Z
881,MirboboyevJasurjan
882,nadprime
883,aka5050
884,tori-ham
885,boscotba
886,jasonthedataguy
887,julianomolinari
888,Ponthezs
889,akhmadmamirov
890,bourbakiN97
891,Myceliose
892,mil2tech
893,ad0niram
894,chrisgomad
895,Julioalvestv
896,seespike
897,penguinpottery
898,crr-bbai
899,ComprehensiveAmoeba
900,andedavd
901,WLHQ
902,manuelortizus
903,aibolu
904,MaxBryne
905,Frisek
906,shanenichols-channeladvisor
907,mircoisendu
908,romans1234
909,silviana-hs
910,risingcurve
911,rigvedp97
912,jcf170030
913,ThomasCode92
914,rsenthur
915,xmartinsbr
916,JulienCamp
917,ryan-w-roche
918,montyma-amazon
919,BryantVencil
920,Vasco-Arts
921,JapnoorHere
922,Pulimi1991
923,modabossymaxk
924,Janxxxx
925,naveenmishra14
926,BandhiyaHardik
927,srdegbe
928,pushkarcode
929,bbazwalt
930,Calum09
931,TaryNascimento
932,Itzkuldeep444
933,rafaelgandis
934,iamchiranjeebpanda01
935,gsoni1
936,Qianru69
937,mrlizhaozhi
938,soorajaryan007
939,IKashCode
940,Anmol5519
941,BigSlum
942,RomDev7
943,doski22
944,allaboutevemirolive
945,hongbo-wei
946,mdhumairraza
947,Laindrion
948,kdelcampo13
949,Hoppeful
950,vaddikeshavareddy
951,MahdiCodee
952,DonzerHD
953,darenj456
954,coder-nian
955,shubmanh
956,kybex11
957,VasanthamHimaanshu
958,SvipWangyh
959,innocentc
960,1jana0
961,Armkas
962,mgtian03
963,rajwadejii
964,carlosgomezi
965,RaviYadav02
966,DadMouth82
967,aliandead
968,Su-Tcode
969,gitteedara
970,iam-back
971,Ananya2311
972,MaxwellNi
973,winfredbo
974,Xie-h-bin123
975,Sheepdog2022
976,Salvapazzo86
977,Mohamed988o
978,htiennv
979,Shashank1407
980,ali-fraz
981,sbaws
982,rany01
983,Anis-Web
984,Ig0rFA
985,wshanleee
986,ansh2903
987,Arun-gox
988,amitsingh2022
989,java-oss
990,misaelsp
991,JaafarLezzaik
992,Renpeng01
993,shanechioa
994,davidade300
995,Valliebby
996,camilasoares045
997,poemww
998,MarcelloCordal
999,nhathann
1000,artemsyvko
1001,sivalaxman07
1002,raphaelguardiano
1003,choiruddine
1004,Nithin-singiri
1005,adiibnuajat
1006,yanwei257
1007,gauravchakrxborty
1008,sergiojfsunior
1009,GiuLOCX
1010,firefitdesgns
1011,themrhoffmann
1012,mgrundwuermer
1013,Philipabao
1014,Parv-cell
1015,Olaffson
1016,Hamza-H10
1017,karthik121222
1018,timboslice832
1019,gilleswb
1020,aostar168
1021,tinajiang26
1022,marcosdataleal
1023,nandarshan
1024,martinOofay2023
1025,gviictxr
1026,RomanGleizer
1027,josielabreu
1028,VISHALVARUN011002
1029,ColdCodedotso
1030,19raulruiz68
1031,zaim03767
1032,imishangrover
1033,wiscdn
1034,ortanaV2
1035,sks972
1036,omarhabd
1037,Kayra-Baran
1038,purushoth2603
1039,ywangire
1040,ZenShuHara
1041,chende1121
1042,TF-185
1043,VidhiS07
1044,JCOOPER5646
1045,SangaoWe
1046,Maycon-dSilva
1047,imanol-2021-12
1048,andregustavoaguiar
1049,aws-apradana
1050,choimikey
1051,datamoro
1052,Maycon-Melo
1053,lanjua5899
1054,AnnaleaLayton
1055,Xeshing
1056,notjustjoshin
1057,niveshatom11
1058,amenihong
1059,MT-Designs
1060,ben9672
1061,Abeldsonndiku
1062,WIN1NG22
1063,GauravDevOps711
1064,PatientProblemSolver
1065,CameronScarpati
1066,adityadatta11
1067,joaovgcoelho
1068,V-AI-ML-DL-DS-PL-PYTHON-JAVA-GO-2023-0
1069,Umesh2851997
1070,Amisha-verma2907
1071,ModernSithLord
1072,ocupadaparavc
1073,hyeonu-kim
1074,nogueiralf
1075,zactseng
1076,ricberht
1077,abolfazlhajjar
1078,Tariq-Anjum
1079,vedamjamz
1080,adminjd
1081,Zzzyyy2023
1082,Chrishargrove58
1083,Kikikickss
1084,538mansi
1085,PPCXZ
1086,cvs0
1087,ZumaGr
1088,rshuba4
1089,sairavi5887
1090,ravigiri91
1091,dminduca
1092,hatimharrati
1093,acya-amazon
1094,niroshinimurugadas
1095,harishravi131
1096,harishravi141
1097,harishravi151
1098,miguelkuter
1099,Pymster
